-- 示例数据
-- 轮胎库存管理系统

USE `tire_inventory`;

-- 插入默认管理员账号
-- 用户名: admin  密码: admin123
INSERT INTO `users` (`username`, `password`, `realname`, `phone`, `email`, `role`, `status`)
VALUES ('admin', '$2y$12$LQv3c1yycEn3kVzObESNNeBM7fCQ.mPJqLfCG.7K0YtHPKlQVP8Ja', '系统管理员', '13800138000', 'admin@example.com', 'admin', 1);

-- 插入测试用户
-- 用户名: user1  密码: 123456
INSERT INTO `users` (`username`, `password`, `realname`, `phone`, `email`, `role`, `status`)
VALUES ('user1', '$2y$12$9vKKHq3P3ZP8VqJZmR4X2uFh7FxLfV8qKvLK5lHlPXqWXqZqV5YsK', '张三', '13900139000', 'user1@example.com', 'user', 1);

-- 插入一级分类（车型）
INSERT INTO `categories_level1` (`id`, `name`, `sort_order`, `status`) VALUES
(1, '轿车轮胎', 1, 1),
(2, 'SUV轮胎', 2, 1),
(3, '卡车轮胎', 3, 1);

-- 插入二级分类（品牌）
INSERT INTO `categories_level2` (`id`, `parent_id`, `name`, `sort_order`, `status`) VALUES
-- 轿车品牌
(1, 1, '米其林', 1, 1),
(2, 1, '普利司通', 2, 1),
(3, 1, '固特异', 3, 1),
(4, 1, '马牌', 4, 1),
(5, 1, '倍耐力', 5, 1),

-- SUV品牌
(6, 2, '米其林', 1, 1),
(7, 2, '普利司通', 2, 1),
(8, 2, '固特异', 3, 1),
(9, 2, 'BF Goodrich', 4, 1),
(10, 2, '邓禄普', 5, 1),

-- 卡车品牌
(11, 3, '米其林', 1, 1),
(12, 3, '普利司通', 2, 1),
(13, 3, '固特异', 3, 1),
(14, 3, '朝阳', 4, 1),
(15, 3, '三角', 5, 1);

-- 插入三级分类（型号规格）
INSERT INTO `categories_level3` (`id`, `parent_id`, `name`, `sort_order`, `status`) VALUES
-- 米其林轿车
(1, 1, '195/65R15 91V', 1, 1),
(2, 1, '205/55R16 91V', 2, 1),
(3, 1, '225/45R17 94W', 3, 1),
(4, 1, '235/45R18 98Y', 4, 1),

-- 普利司通轿车
(5, 2, '195/65R15 91H', 1, 1),
(6, 2, '205/55R16 91V', 2, 1),
(7, 2, '215/55R17 94V', 3, 1),

-- 固特异轿车
(8, 3, '195/60R15 88H', 1, 1),
(9, 3, '205/55R16 91V', 2, 1),
(10, 3, '225/50R17 98W', 3, 1),

-- 米其林SUV
(11, 6, '225/65R17 102H', 1, 1),
(12, 6, '235/60R18 103V', 2, 1),
(13, 6, '255/55R18 109V', 3, 1),
(14, 6, '265/50R20 111V', 4, 1),

-- 普利司通SUV
(15, 7, '225/65R17 102H', 1, 1),
(16, 7, '235/55R19 101V', 2, 1),
(17, 7, '255/50R19 107V', 3, 1),

-- 米其林卡车
(18, 11, '295/80R22.5 152/148M', 1, 1),
(19, 11, '315/80R22.5 156/150L', 2, 1),
(20, 11, '11R22.5 148/145M', 3, 1);

-- 插入商品
INSERT INTO `products` (`name`, `model`, `category1_id`, `category2_id`, `category3_id`, `price`, `image`, `description`, `status`) VALUES
-- 米其林轿车
('米其林 韧悦', '195/65R15 91V', 1, 1, 1, 459.00, NULL, '适用于家用轿车，提供舒适静音的驾乘体验', 1),
('米其林 韧悦', '205/55R16 91V', 1, 1, 2, 529.00, NULL, '适用于紧凑型轿车，平衡性能优异', 1),
('米其林 浩悦4', '225/45R17 94W', 1, 1, 3, 759.00, NULL, '高性能轮胎，湿地抓地力出色', 1),
('米其林 PS4', '235/45R18 98Y', 1, 1, 4, 1159.00, NULL, '运动型轮胎，操控精准', 1),

-- 普利司通轿车
('普利司通 泰然者', '195/65R15 91H', 1, 2, 5, 419.00, NULL, '经济实用，耐磨性能好', 1),
('普利司通 泰然者', '205/55R16 91V', 1, 2, 6, 489.00, NULL, '静音舒适，适合城市道路', 1),
('普利司通 搏天族', '215/55R17 94V', 1, 2, 7, 649.00, NULL, '运动性能出色，抓地力强', 1),

-- 固特异轿车
('固特异 安乘', '195/60R15 88H', 1, 3, 8, 399.00, NULL, '安全舒适，性价比高', 1),
('固特异 御乘', '205/55R16 91V', 1, 3, 9, 519.00, NULL, '静音舒适，长里程', 1),

-- 米其林SUV
('米其林 昂然', '225/65R17 102H', 2, 6, 11, 719.00, NULL, 'SUV专用，舒适静音', 1),
('米其林 昂然', '235/60R18 103V', 2, 6, 12, 869.00, NULL, '适用于中大型SUV', 1),
('米其林 揽途', '255/55R18 109V', 2, 6, 13, 1059.00, NULL, '越野性能强，耐用可靠', 1),

-- 普利司通SUV
('普利司通 动力侠', '225/65R17 102H', 2, 7, 15, 659.00, NULL, 'SUV轮胎，操控稳定', 1),
('普利司通 动力侠', '235/55R19 101V', 2, 7, 16, 919.00, NULL, '高性能SUV轮胎', 1),

-- 米其林卡车
('米其林 XZE2+', '295/80R22.5 152/148M', 3, 11, 18, 2859.00, NULL, '卡车轮胎，耐磨长里程', 1),
('米其林 XDA2+', '315/80R22.5 156/150L', 3, 11, 19, 3159.00, NULL, '驱动轴轮胎，抓地力强', 1);

-- 插入条形码（每个商品2-3个条形码）
INSERT INTO `barcodes` (`barcode`, `product_id`, `stock`, `location`, `supplier_code`, `remark`) VALUES
-- 米其林 195/65R15
('6901026050101', 1, 25, 'A区1号货架', 'ML-2024-001', '第一批次'),
('6901026050102', 1, 18, 'A区2号货架', 'ML-2024-002', '第二批次'),

-- 米其林 205/55R16
('6901026050201', 2, 32, 'A区3号货架', 'ML-2024-003', NULL),
('6901026050202', 2, 15, 'A区4号货架', 'ML-2024-004', NULL),

-- 米其林 225/45R17
('6901026050301', 3, 20, 'A区5号货架', 'ML-2024-005', NULL),
('6901026050302', 3, 12, 'A区6号货架', 'ML-2024-006', NULL),

-- 米其林 PS4 235/45R18
('6901026050401', 4, 8, 'B区1号货架', 'ML-2024-007', '高性能系列'),
('6901026050402', 4, 6, 'B区2号货架', 'ML-2024-008', NULL),

-- 普利司通 195/65R15
('6923440501011', 5, 28, 'B区3号货架', 'BS-2024-001', NULL),
('6923440501012', 5, 22, 'B区4号货架', 'BS-2024-002', NULL),

-- 普利司通 205/55R16
('6923440501021', 6, 19, 'B区5号货架', 'BS-2024-003', NULL),
('6923440501022', 6, 14, 'B区6号货架', 'BS-2024-004', NULL),

-- 固特异 195/60R15
('6958227200101', 8, 30, 'C区1号货架', 'GY-2024-001', NULL),
('6958227200102', 8, 16, 'C区2号货架', 'GY-2024-002', NULL),

-- 米其林昂然 225/65R17
('6901026051101', 10, 15, 'C区3号货架', 'ML-SUV-001', 'SUV系列'),
('6901026051102', 10, 10, 'C区4号货架', 'ML-SUV-002', NULL),

-- 米其林昂然 235/60R18
('6901026051201', 11, 12, 'C区5号货架', 'ML-SUV-003', NULL),
('6901026051202', 11, 8, 'C区6号货架', 'ML-SUV-004', NULL),

-- 米其林卡车 295/80R22.5
('6901026052101', 15, 20, 'D区1号货架', 'ML-TRUCK-001', '卡车专用'),
('6901026052102', 15, 15, 'D区2号货架', 'ML-TRUCK-002', NULL),

-- 米其林卡车 315/80R22.5
('6901026052201', 16, 18, 'D区3号货架', 'ML-TRUCK-003', NULL),
('6901026052202', 16, 12, 'D区4号货架', 'ML-TRUCK-004', NULL);

-- 插入一些入库记录示例
INSERT INTO `inbound_records` (`barcode_id`, `barcode`, `product_id`, `quantity`, `operator_id`, `operator_name`, `inbound_time`, `remark`) VALUES
(1, '6901026050101', 1, 30, 1, 'admin', '2024-12-01 09:30:00', '初始入库'),
(2, '6901026050102', 1, 20, 1, 'admin', '2024-12-02 10:15:00', '补货'),
(3, '6901026050201', 2, 35, 1, 'admin', '2024-12-01 09:45:00', '初始入库'),
(5, '6901026050301', 3, 25, 1, 'admin', '2024-12-01 10:00:00', '初始入库'),
(9, '6923440501011', 5, 30, 2, 'user1', '2024-12-03 14:20:00', '新到货'),
(13, '6958227200101', 8, 35, 2, 'user1', '2024-12-04 11:30:00', '初始入库');

-- 插入一些出库记录示例
INSERT INTO `outbound_records` (`barcode_id`, `barcode`, `product_id`, `quantity`, `license_plate`, `operator_id`, `operator_name`, `outbound_time`, `remark`) VALUES
(1, '6901026050101', 1, 5, '京A12345', 2, 'user1', '2024-12-05 10:30:00', '客户购买'),
(2, '6901026050102', 1, 2, '京B67890', 2, 'user1', '2024-12-05 14:20:00', NULL),
(3, '6901026050201', 2, 3, '沪C11111', 1, 'admin', '2024-12-06 09:15:00', '批发订单'),
(5, '6901026050301', 3, 5, '粤D22222', 2, 'user1', '2024-12-06 15:40:00', NULL),
(13, '6958227200101', 8, 5, '苏E33333', 1, 'admin', '2024-12-07 11:00:00', '零售'),
(9, '6923440501011', 5, 2, '浙F44444', 2, 'user1', '2024-12-07 16:30:00', NULL);
